sequence,row,col
CATCAAGT,7,7
CAGATCTG,6,6
ACATTGGC,5,5
ACCACTGT,4,4
GCTAACGA,3,3
ATGCCTAA,2,2
GCGAGTAA,1,1
AACGTGAT,0,0
ATCCTGTA,29,29
AGTCACTA,28,28
AGCAGGAA,27,27
AGATCGCA,26,26
AGAGTCAA,25,25
ACTATGCA,24,24
ACGTATCA,23,23
ACGCTCGA,22,22
GAGCTGAA,51,51
CAAGACTA,50,50
GAATCTGA,49,49
CTGGCATA,48,48
CTGAGCCA,47,47
CTCAATGA,46,46
CGCATACA,45,45
CGACTGGA,44,44
AACTCACC,73,73
TTCACGCA,72,72
TGGTGGTA,71,71
TGGCTTCA,70,70
TGGAACAA,69,69
TGAAGAGA,68,68
TCTTCACA,67,67
TCCGTCTA,66,66
CTAAGGTC,95,95
CGGATTGC,94,94
CGACACAC,93,93
CCTCTATC,92,92
CCTAATCC,91,91
CCGACAAC,90,90
CCATCCTC,89,89
CACCTTAC,88,88
ACACAGAA,18,18
AAGGTACA,17,17
AAGACGGA,16,16
AACGCTTA,15,15
AACCGAGA,14,14
AACAACCA,13,13
AGTACAAG,12,12
CTGTAGCC,11,11
CCGTGAGA,40,40
CCGAAGTA,39,39
CCAGTTCA,38,38
CATACCAA,37,37
CAGCGTTA,36,36
CACTTCGA,35,35
CAATGGAA,34,34
GACTAGTA,33,33
GTCTGTCA,62,62
GTCGTAGA,61,61
GTACGCAA,60,60
GGTGCGAA,59,59
GGAGAACA,58,58
GCTCGGTA,57,57
GTGACAAG,56,56
CGGAAGAA,55,55
ATAGCGAC,84,84
AGGCTAAC,83,83
AGCCATGC,82,82
AGCACCTC,81,81
AGATGTAC,80,80
ACAGATTC,79,79
ACACGACC,78,78
AATGTTGC,77,77
GAGGTCTA,106,106
CCTCTCTT,105,105
GATCGAGA,104,104
CCAACAGA,103,103
CTTGTCCA,102,102
ACAGAGCT,101,101
GCCAAGAC,100,100
GATGAATC,99,99
TGTAGACG,212,212
CTAAGACG,211,211
CCATAACG,210,210
CTGAACAG,209,209
TATCAGCA,10,10
ACAAGCTA,9,9
CGCTGATC,8,8
TAGTCTCC,190,190
ATCTACGG,189,189
TGGATTGG,188,188
TATCCTGG,187,187
CAAGGAGC,32,32
CAACCACA,31,31
ATTGAGGA,30,30
GATAGTCG,168,168
TTGGAGGA,167,167
TCGAGTGT,166,166
ACTCCAGA,165,165
TGTAAGCG,54,54
GCCACATA,53,53
GATAGACA,52,52
AAGCATGG,146,146
CTACATGG,145,145
ACCAGCAA,144,144
ACTAGGTC,143,143
TGGTCCAT,76,76
AAGGACAC,75,75
AAGAGATC,74,74
GTGCTTAG,124,124
TTGTACGG,123,123
TACAACGG,122,122
AGGTACTC,121,121
TCAGCGAA,98,98
GACAGTGC,97,97
GAACAGGC,96,96
ATTCCAGG,201,201
ACTCTTGC,200,200
TCGGTTAC,199,199
AGACAGGT,198,198
AATCCGTC,21,21
ACCTCCAA,20,20
ACAGCAGA,19,19
GGTCAGAA,179,179
AGGCAAGA,178,178
GCCGTATT,177,177
CTGCAGAT,176,176
GAGTTAGC,43,43
CGAACTTA,42,42
CCTCCTGA,41,41
TATCGGTG,157,157
GATGACCA,156,156
GCCTTACA,155,155
CATAGTCC,154,154
TGAACACC,65,65
TAGGATGA,64,64
GTGTTCTA,63,63
GGTGAAGT,135,135
GCAAGAAG,134,134
ACATCGAG,133,133
AACTGTCC,132,132
ATATGGCC,87,87
ATTGGCTC,86,86
ATCATTCC,85,85
AGGAACAG,113,113
GGCTTCTA,112,112
CTCCTCTA,111,111
TAAGCTCC,110,110
TTGATGCC,109,109
GTTCAAGG,108,108
CAATTGCC,107,107
ATGCAACC,219,219
TGAGTAGC,218,218
AGTCCTTG,217,217
TTGCCTTG,216,216
AGGTGTTG,215,215
CAGATACG,214,214
GATACACG,213,213
GAGAGTTG,197,197
GAGCTGTT,196,196
CACGATTG,195,195
ACGTCAGT,194,194
ACCTTCGT,193,193
TCAGTTGG,192,192
TACTGGAC,191,191
GCAATCCT,175,175
TCTCGGAA,174,174
TACACTCG,173,173
ACCATGGA,172,172
CAACTCTG,171,171
CTAACGTG,170,170
TTACCTCG,169,169
GTATTGCG,153,153
TCTTGCTG,152,152
TCACCAAG,151,151
TGCAAGTG,150,150
CTTACACC,149,149
ATGCTGGT,148,148
ATCTGTGG,147,147
ATCGCAGT,131,131
GCTTCTGT,130,130
ACCTGTTC,129,129
TCACTGCA,128,128
CAGAGAGA,127,127
TAATGCGG,126,126
ACATGTCG,125,125
TTAGACCG,208,208
GTAGTTCG,207,207
TTCTCTCG,206,206
ATCCATCG,205,205
AAGGTCGA,204,204
CTTCCTTG,203,203
GTTGCATG,202,202
AGTGATCG,186,186
TGACGGAA,185,185
ATGTTCCG,184,184
ACCAGGTT,183,183
CCACAATG,182,182
TCTTCAGG,181,181
GTAGCAGA,180,180
GAACGGAA,164,164
CCATCTTG,163,163
AAGCGAGT,162,162
ACGTGAAC,161,161
ATTCGCAC,160,160
GAGGTATG,159,159
CATGGTCA,158,158
GTAGGTAG,142,142
TGTCTCTG,141,141
TCCATTGG,140,140
TGTCCGTT,139,139
GCTCTATG,138,138
AACACGGT,137,137
CCGTATAG,136,136
TGGTCAAC,120,120
CTGTTCTG,119,119
GAATTCCG,118,118
TGCTTACG,117,117
TACGCACA,116,116
TTAGGCAG,115,115
CCTATGTC,114,114
