sequence,row,col
GATGAATC,99,99
GCCAAGAC,100,100
ACAGAGCT,101,101
CTTGTCCA,102,102
CCAACAGA,103,103
AATGTTGC,77,77
ACACGACC,78,78
ACAGATTC,79,79
AGATGTAC,80,80
AGCACCTC,81,81
CGGAAGAA,55,55
GTGACAAG,56,56
GCTCGGTA,57,57
GGAGAACA,58,58
GGTGCGAA,59,59
GACTAGTA,33,33
CAATGGAA,34,34
CACTTCGA,35,35
CAGCGTTA,36,36
CATACCAA,37,37
CTGTAGCC,11,11
AGTACAAG,12,12
AACAACCA,13,13
AACCGAGA,14,14
AACGCTTA,15,15
CACCTTAC,88,88
CCATCCTC,89,89
CCGACAAC,90,90
CCTAATCC,91,91
CCTCTATC,92,92
TCCGTCTA,66,66
TCTTCACA,67,67
TGAAGAGA,68,68
TGGAACAA,69,69
TGGCTTCA,70,70
CGACTGGA,44,44
CGCATACA,45,45
CTCAATGA,46,46
CTGAGCCA,47,47
CTGGCATA,48,48
ACGCTCGA,22,22
ACGTATCA,23,23
ACTATGCA,24,24
AGAGTCAA,25,25
AGATCGCA,26,26
AACGTGAT,0,0
GCGAGTAA,1,1
ATGCCTAA,2,2
GCTAACGA,3,3
ACCACTGT,4,4
GATCGAGA,104,104
CCTCTCTT,105,105
GAGGTCTA,106,106
CAATTGCC,107,107
GTTCAAGG,108,108
AGCCATGC,82,82
AGGCTAAC,83,83
ATAGCGAC,84,84
ATCATTCC,85,85
ATTGGCTC,86,86
GTACGCAA,60,60
GTCGTAGA,61,61
GTCTGTCA,62,62
GTGTTCTA,63,63
TAGGATGA,64,64
CCAGTTCA,38,38
CCGAAGTA,39,39
CCGTGAGA,40,40
CCTCCTGA,41,41
CGAACTTA,42,42
AAGACGGA,16,16
AAGGTACA,17,17
ACACAGAA,18,18
ACAGCAGA,19,19
ACCTCCAA,20,20
CGACACAC,93,93
CGGATTGC,94,94
CTAAGGTC,95,95
GAACAGGC,96,96
GACAGTGC,97,97
TCAGCGAA,98,98
TTGATGCC,109,109
TGGTGGTA,71,71
TTCACGCA,72,72
AACTCACC,73,73
AAGAGATC,74,74
AAGGACAC,75,75
TGGTCCAT,76,76
ATATGGCC,87,87
GAATCTGA,49,49
CAAGACTA,50,50
GAGCTGAA,51,51
GATAGACA,52,52
GCCACATA,53,53
TGTAAGCG,54,54
TGAACACC,65,65
AGCAGGAA,27,27
AGTCACTA,28,28
ATCCTGTA,29,29
ATTGAGGA,30,30
CAACCACA,31,31
CAAGGAGC,32,32
GAGTTAGC,43,43
ACATTGGC,5,5
CAGATCTG,6,6
CATCAAGT,7,7
CGCTGATC,8,8
ACAAGCTA,9,9
TATCAGCA,10,10
AATCCGTC,21,21
CTCCTCTA,111,111
GGCTTCTA,112,112
AGGAACAG,113,113
CCTATGTC,114,114
TTAGGCAG,115,115
ACATCGAG,133,133
GCAAGAAG,134,134
GGTGAAGT,135,135
CCGTATAG,136,136
AACACGGT,137,137
GCCTTACA,155,155
GATGACCA,156,156
TATCGGTG,157,157
CATGGTCA,158,158
GAGGTATG,159,159
GCCGTATT,177,177
AGGCAAGA,178,178
GGTCAGAA,179,179
GTAGCAGA,180,180
TCTTCAGG,181,181
TCGGTTAC,199,199
ACTCTTGC,200,200
ATTCCAGG,201,201
GTTGCATG,202,202
CTTCCTTG,203,203
TAAGCTCC,110,110
AGGTACTC,121,121
TACAACGG,122,122
TTGTACGG,123,123
GTGCTTAG,124,124
ACATGTCG,125,125
TAATGCGG,126,126
AACTGTCC,132,132
ACTAGGTC,143,143
ACCAGCAA,144,144
CTACATGG,145,145
AAGCATGG,146,146
ATCTGTGG,147,147
ATGCTGGT,148,148
CATAGTCC,154,154
ACTCCAGA,165,165
TCGAGTGT,166,166
TTGGAGGA,167,167
GATAGTCG,168,168
TTACCTCG,169,169
CTAACGTG,170,170
CTGCAGAT,176,176
TATCCTGG,187,187
TGGATTGG,188,188
ATCTACGG,189,189
TAGTCTCC,190,190
TACTGGAC,191,191
TCAGTTGG,192,192
AGACAGGT,198,198
CTGAACAG,209,209
CCATAACG,210,210
CTAAGACG,211,211
TGTAGACG,212,212
GATACACG,213,213
CAGATACG,214,214
TACGCACA,116,116
TGCTTACG,117,117
GAATTCCG,118,118
CTGTTCTG,119,119
TGGTCAAC,120,120
GCTCTATG,138,138
TGTCCGTT,139,139
TCCATTGG,140,140
TGTCTCTG,141,141
GTAGGTAG,142,142
ATTCGCAC,160,160
ACGTGAAC,161,161
AAGCGAGT,162,162
CCATCTTG,163,163
GAACGGAA,164,164
CCACAATG,182,182
ACCAGGTT,183,183
ATGTTCCG,184,184
TGACGGAA,185,185
AGTGATCG,186,186
AAGGTCGA,204,204
ATCCATCG,205,205
TTCTCTCG,206,206
GTAGTTCG,207,207
TTAGACCG,208,208
CAGAGAGA,127,127
TCACTGCA,128,128
ACCTGTTC,129,129
GCTTCTGT,130,130
ATCGCAGT,131,131
CTTACACC,149,149
TGCAAGTG,150,150
TCACCAAG,151,151
TCTTGCTG,152,152
GTATTGCG,153,153
CAACTCTG,171,171
ACCATGGA,172,172
TACACTCG,173,173
TCTCGGAA,174,174
GCAATCCT,175,175
ACCTTCGT,193,193
ACGTCAGT,194,194
CACGATTG,195,195
GAGCTGTT,196,196
GAGAGTTG,197,197
AGGTGTTG,215,215
TTGCCTTG,216,216
AGTCCTTG,217,217
TGAGTAGC,218,218
ATGCAACC,219,219
